{"no_code_ratio_list": [1.0, 1.0, 1.0, 1.0, 1.0, 1.0, 0.9375, 1.0, 1.0, 1.0], "code_exec_error_ratio_list": [0.0, 0.0, 0.0, 0.0, 0.0, 0.0, 0.0625, 0.0, 0.0, 0.0], "answer_wrong_fail_parseint_ratio_list": [0.0, 0.0, 0.0, 0.0, 0.0, 0.0, 0.0, 0.0, 0.0, 0.0], "answer_wrong_number_ratio_list": [0.0, 0.0, 0.0, 0.0, 0.0, 0.0, 0.0, 0.0, 0.0, 0.0], "correct_cot_ratio_list": [0.0, 0.0, 0.0, 0.0, 0.0, 0.0, 0.0, 0.0, 0.0, 0.0], "correct_code_ratio_list": [0.0, 0.0, 0.0, 0.0, 0.0, 0.0, 0.0, 0.0, 0.0, 0.0], "correct_cot_priority_ratio_list": [0.0, 0.0, 0.0, 0.0, 0.0, 0.0, 0.0, 0.0, 0.0, 0.0], "correct_code_priority_ratio_list": [0.0, 0.0, 0.0, 0.0, 0.0, 0.0, 0.0, 0.0, 0.0, 0.0], "avg_out_len_list": [8021.5625, 8083.375, 8193.0, 8193.0, 8193.0, 8193.0, 7644.1875, 5627.0625, 7899.625, 8193.0], "aggregated_correct": 0.0, "num_sample_list": [16, 16, 16, 16, 16, 16, 16, 16, 16, 16], "num_result": 10, "total_question_duration": 2976.934255838394, "question_duration_list": [300.51847219467163, 302.2550902366638, 306.6106195449829, 305.4469211101532, 295.84409379959106, 297.3544807434082, 299.45527362823486, 279.0400722026825, 294.7015337944031, 295.7076985836029]}